Date,Rain (mm),Max Temp (C),Min Temp (C),Mean Wind Speed (kt),Max 10-min Wind (kt),Wind Dir @ Max Wind (deg),Max Gust (kt),Evaporation (mm),Soil Moisture Deficit - Moderate (mm),Mean Pressure (hPa),Rain_7d,Rain_3d,MeanWind_3d,MaxGust_3d,MaxGust_5d_mean,WindChange_2d,Soil_7d,SoilTrend_5d,MinPressure_3d,PressureDrop_2d,NetMoisture_5d,TempRange_3d,GustScore,WindScore,RainScore,SoilScore,PressureScore,TempScore,EvapScore,DSI,damage_ha,estimated_damage_ha
2014-01-13,1.5,6.3,-1.7,5.5,12,180.0,18,0.3,0.0,993.3,1.5,1.5,5.5,18.0,18.0,,0.0,,993.3,,1.2,8.0,0.225,,0.02,,0.0,0.5333333333333333,0.015,,0.0,
2014-01-14,11.2,10.4,-0.2,8.2,17,230.0,29,0.4,0.0,991.8,12.7,12.7,6.85,29.0,23.5,2.7,0.0,-0.0,991.8,-1.5,12.0,9.3,0.3625,0.2197222222222222,0.1693333333333333,0.0,0.06,0.62,0.15,0.261,0.0,0.0
2014-01-15,7.7,10.1,5.1,8.3,16,210.0,25,0.3,0.0,981.8,20.4,20.4,7.333,29.0,24.0,2.7,0.0,-0.0,981.8,-10.0,19.4,7.867,0.3625,0.23045555555555555,0.27199999999999996,0.0,0.4,0.5244666666666666,0.2425,0.295,0.0,0.0
2014-01-16,0.1,7.3,2.3,4.6,9,150.0,15,0.3,0.0,974.3,20.5,19.0,7.033,29.0,21.75,0.1,0.0,-0.0,974.3,-10.0,19.2,6.867,0.3625,0.1587888888888889,0.2583333333333333,0.0,0.4,0.4578,0.24,0.273,0.0,0.0
2014-01-17,3.8,9.1,2.2,4.2,9,230.0,12,0.2,0.0,979.3,24.3,11.6,5.7,25.0,19.8,-0.4,0.0,-0.0,974.3,-7.5,22.8,5.633,0.3125,0.12666666666666668,0.197,0.0,0.3,0.37553333333333333,0.28500000000000003,0.227,0.0,0.0
2014-01-18,0.0,4.8,0.5,2.1,6,190.0,9,0.3,0.0,981.3,24.3,3.9,3.633,15.0,18.0,-0.4,0.0,-0.0,974.3,2.0,21.3,5.4,0.225,0.08073333333333334,0.12000000000000002,0.0,0.08,0.36000000000000004,0.26625,0.154,0.0,0.0
2014-01-19,3.8,6.3,1.6,5.4,12,270.0,18,0.3,0.0,989.0,28.1,7.6,3.9,18.0,15.8,3.3,0.0,-0.0,979.3,2.0,14.0,5.3,0.225,0.16916666666666666,0.16966666666666666,0.0,0.08,0.35333333333333333,0.175,0.185,0.0,0.0
2014-01-20,2.6,7.6,-0.5,5.5,13,150.0,22,0.3,0.0,999.3,29.2,6.4,4.333,22.0,15.2,3.3,0.0,-0.0,981.3,7.7,8.9,5.7,0.275,0.17878888888888889,0.16133333333333333,0.0,0.308,0.38,0.11125,0.215,0.0,0.0
2014-01-21,7.4,8.6,5.0,8.7,15,170.0,29,0.6,0.0,993.5,25.4,13.8,6.533,29.0,18.0,3.2,0.0,-0.0,989.0,-5.8,15.9,5.467,0.3625,0.2251777777777778,0.22266666666666668,0.0,0.23199999999999998,0.36446666666666666,0.19875,0.277,0.0,0.0
2014-01-22,4.1,9.1,3.4,6.8,12,260.0,19,0.4,0.0,997.7,21.8,14.1,7.0,29.0,19.4,3.2,0.0,-0.0,993.5,-5.8,16.0,5.8,0.3625,0.23555555555555557,0.21366666666666667,0.0,0.23199999999999998,0.38666666666666666,0.2,0.278,0.0,0.0
2014-01-23,9.0,8.0,4.2,7.7,16,270.0,28,0.6,0.0,1006.5,30.7,20.5,7.733,29.0,23.2,0.9,0.0,-0.0,993.5,4.2,24.7,4.367,0.3625,0.19434444444444443,0.30733333333333335,0.0,0.168,0.29113333333333336,0.30874999999999997,0.284,0.0,0.0
2014-01-24,16.0,10.6,6.4,11.4,18,240.0,26,0.4,0.0,1001.2,42.9,29.1,8.633,28.0,24.8,3.7,0.0,-0.0,997.7,-5.3,36.8,4.567,0.35,0.2843444444444444,0.43400000000000005,0.0,0.212,0.30446666666666666,0.45999999999999996,0.329,0.0,19.6
2014-01-25,4.0,10.1,4.2,14.2,27,240.0,42,0.9,0.0,1004.6,46.9,29.0,11.1,42.0,28.8,3.7,0.0,-0.0,1001.2,-5.3,37.6,4.633,0.525,0.3391666666666666,0.4463333333333333,0.0,0.212,0.3088666666666667,0.47000000000000003,0.424,0.0,1010.1
2014-01-26,14.8,9.8,2.3,16.8,26,250.0,45,1.0,0.0,992.0,57.9,34.8,14.133,45.0,32.0,2.8,0.0,-0.0,992.0,-12.6,44.6,5.867,0.5625,0.38406666666666667,0.5409999999999999,0.0,0.504,0.39113333333333333,0.5575,0.482,0.0,2496.6
2014-01-27,15.4,8.5,3.9,15.3,22,260.0,36,0.9,0.0,976.3,70.7,34.2,15.433,45.0,35.4,2.6,0.0,-0.0,976.3,-15.7,55.4,6.0,0.5625,0.40795555555555557,0.5776666666666668,0.0,0.628,0.4,0.6925,0.5,0.0,3107.7
2014-01-28,0.7,8.0,2.0,10.5,17,280.0,26,0.4,0.0,980.0,64.0,30.9,14.2,45.0,35.0,-1.5,0.0,-0.0,976.3,-15.7,47.3,6.033,0.5625,0.31555555555555553,0.5223333333333333,0.0,0.628,0.4022,0.5912499999999999,0.465,0.0,1985.7
2014-01-29,0.0,8.5,0.9,6.9,14,300.0,19,0.5,0.0,992.9,59.9,16.1,10.9,36.0,33.6,-3.6,0.0,-0.0,976.3,3.7,31.2,6.067,0.45,0.24222222222222223,0.3606666666666667,0.0,0.14800000000000002,0.4044666666666667,0.39,0.348,0.0,90.1
2014-01-30,1.1,6.0,0.4,4.3,9,150.0,12,0.4,0.0,996.5,52.0,1.8,7.233,26.0,27.6,-2.6,0.0,-0.0,980.0,3.6,28.8,6.4,0.34500000000000003,0.16073333333333334,0.19133333333333336,0.0,0.14400000000000002,0.4266666666666667,0.36,0.246,0.0,0.0
2014-01-31,16.8,8.4,0.2,10.5,22,280.0,35,0.6,0.0,981.7,52.8,17.9,7.233,35.0,25.6,6.2,0.0,-0.0,981.7,-14.8,31.2,7.133,0.4375,0.3157333333333333,0.355,0.0,0.5920000000000001,0.4755333333333333,0.39,0.373,0.0,274.0
2014-02-01,14.8,9.3,0.9,17.9,32,240.0,47,1.2,0.0,971.4,63.6,32.7,10.9,47.0,27.8,7.4,0.0,-0.0,971.4,-14.8,30.3,7.4,0.5875,0.4272222222222222,0.539,0.0,0.5920000000000001,0.49333333333333335,0.37875000000000003,0.505,0.0,3290.5
2014-02-02,2.5,9.1,3.1,12.7,22,240.0,35,1.1,0.0,987.3,51.3,34.1,13.7,47.0,29.6,7.4,0.0,-0.0,971.4,-10.3,31.4,7.533,0.5875,0.4894444444444444,0.512,0.0,0.41200000000000003,0.5022,0.39249999999999996,0.51,0.0,3478.9
2014-02-03,16.1,9.5,2.9,10.0,23,150.0,39,0.9,0.0,980.8,52.0,33.4,13.533,47.0,33.6,-2.7,0.0,-0.0,971.4,-6.5,47.1,7.0,0.5875,0.3007333333333333,0.5073333333333333,0.0,0.26,0.4666666666666667,0.58875,0.459,0.0,1820.5
2014-02-04,7.6,7.0,0.3,11.0,26,90.0,41,0.5,0.0,969.4,58.9,26.2,11.233,41.0,39.4,1.0,0.0,-0.0,969.4,-11.4,53.5,6.433,0.5125,0.27462222222222227,0.4583333333333333,0.0,0.456,0.4288666666666667,0.66875,0.416,0.0,860.7
2014-02-05,5.4,7.9,6.2,11.9,20,110.0,32,0.7,0.0,964.2,64.3,29.1,10.967,41.0,38.8,1.0,0.0,-0.0,964.2,-11.4,42.0,5.0,0.5125,0.2687111111111111,0.5053333333333334,0.0,0.456,0.3333333333333333,0.525,0.421,0.0,952.6
2014-02-06,0.0,8.2,1.0,6.4,13,260.0,19,0.5,0.0,980.0,63.2,13.0,9.767,41.0,33.2,0.9,0.0,-0.0,964.2,-5.2,27.9,5.2,0.5125,0.23954444444444442,0.3406666666666667,0.0,0.20800000000000002,0.3466666666666667,0.34875,0.372,0.0,264.5
2014-02-07,2.5,7.7,-1.6,8.1,19,150.0,32,0.6,0.0,971.9,48.9,7.9,8.8,32.0,32.6,1.7,0.0,-0.0,964.2,-8.1,28.4,6.067,0.40750000000000003,0.23805555555555558,0.242,0.0,0.324,0.4044666666666667,0.355,0.309,0.0,0.0
2014-02-08,11.0,8.5,4.9,13.5,20,170.0,33,1.1,0.0,953.1,45.1,13.5,9.333,33.0,31.4,5.4,0.0,-0.0,953.1,-18.8,23.1,6.7,0.4125,0.34240000000000004,0.2853333333333333,0.0,0.752,0.44666666666666666,0.28875,0.358,0.0,150.6
2014-02-09,4.0,8.2,-1.7,10.5,20,270.0,34,0.7,0.0,969.8,46.6,17.5,10.7,34.0,30.0,5.4,0.0,-0.0,953.1,-18.8,19.3,7.6,0.425,0.37277777777777776,0.33033333333333337,0.0,0.752,0.5066666666666666,0.24125000000000002,0.381,0.0,356.4
2014-02-10,3.3,7.7,-3.2,7.4,20,180.0,33,0.7,0.0,984.9,33.8,18.3,10.467,34.0,30.2,-3.0,0.0,-0.0,953.1,15.1,17.2,8.133,0.425,0.2326,0.29566666666666663,0.0,0.604,0.5421999999999999,0.215,0.334,0.0,32.8
2014-02-11,8.7,4.5,0.6,10.1,22,270.0,43,0.7,0.0,983.5,34.9,16.0,9.333,43.0,35.0,2.7,0.0,-0.0,969.8,-1.4,25.7,8.233,0.5375,0.27490000000000003,0.2763333333333333,0.0,0.055999999999999994,0.5488666666666667,0.32125,0.376,1600.0,303.5
2014-02-12,13.7,7.4,1.6,14.6,37,270.0,55,1.1,0.0,969.3,43.2,25.7,10.7,55.0,39.6,4.5,0.0,-0.0,969.3,-14.2,36.4,6.867,0.6875,0.35027777777777774,0.401,0.0,0.568,0.4578,0.45499999999999996,0.503,3600.0,3216.7
2014-02-13,4.9,7.6,1.3,12.1,21,240.0,36,1.0,0.0,981.3,48.1,27.3,12.267,55.0,40.2,4.5,0.0,-0.0,969.3,-14.2,30.4,5.333,0.6875,0.3851,0.43333333333333335,0.0,0.568,0.35553333333333337,0.38,0.517,2000.0,3752.5
2014-02-14,9.7,8.1,2.1,10.5,26,80.0,44,0.7,0.0,970.2,55.3,28.3,12.4,55.0,42.2,-1.6,0.0,-0.0,969.3,-11.1,36.1,6.033,0.6875,0.27555555555555555,0.4673333333333333,0.0,0.444,0.4022,0.45125000000000004,0.494,800.0,2895.9
2024-11-07,0.0,16.1,13.0,8.8,13,150.0,21,1.0,3.8,1017.7,44.3,14.6,10.467,44.0,39.8,-1.6,0.543,-0.76,970.2,-11.1,32.5,5.133,0.55,0.2326,0.29366666666666663,0.010860000000000002,0.444,0.3422,0.40625,0.386,0.0,414.0
2024-11-08,0.0,14.0,11.5,6.0,9,130.0,15,0.9,4.4,1015.8,40.3,9.7,8.433,44.0,34.2,-1.7,1.171,-0.88,970.2,-1.9,23.6,3.867,0.55,0.18739999999999998,0.23133333333333334,0.02342,0.076,0.2578,0.29500000000000004,0.35,0.0,100.9
2024-11-09,1.5,14.8,11.6,5.4,9,100.0,14,0.7,3.5,1015.0,38.5,1.5,6.733,21.0,26.0,-0.6,1.671,-0.7,1015.0,-1.9,11.8,2.933,0.325,0.1496222222222222,0.14333333333333337,0.03342,0.076,0.1955333333333333,0.14750000000000002,0.22,0.0,0.0
2024-11-10,1.3,14.1,2.6,3.5,7,340.0,11,0.4,2.5,1022.5,31.1,2.8,4.967,15.0,21.0,-0.6,2.029,-0.5,1015.0,-0.8,8.8,5.733,0.2625,0.11037777777777777,0.13166666666666665,0.04058,0.032,0.3822,0.11000000000000001,0.18,0.0,0.0
2024-11-11,0.1,13.8,1.1,2.5,6,100.0,7,0.4,2.5,1032.7,17.5,2.9,3.8,14.0,13.6,-1.0,2.386,-0.5,1015.0,7.5,-0.5,9.133,0.175,0.08444444444444445,0.08733333333333335,0.047720000000000005,0.3,0.6088666666666666,0.0,0.135,0.0,0.0
2024-11-12,0.2,7.2,0.6,2.0,4,80.0,6,0.3,2.5,1035.9,12.8,1.6,2.667,11.0,10.6,-0.5,2.743,0.26,1022.5,3.2,0.4,10.267,0.1375,0.05926666666666666,0.05866666666666667,0.06006,0.128,0.6844666666666667,0.005,0.102,0.0,0.0
2024-11-13,0.7,9.1,4.2,1.8,4,180.0,5,0.4,2.1,1034.2,3.8,1.0,2.1,7.0,8.6,-0.2,3.043,0.46,1032.7,-1.7,1.6,8.067,0.1075,0.04666666666666667,0.02266666666666667,0.07006000000000001,0.068,0.5378000000000001,0.02,0.076,0.0,0.0
2024-11-14,0.0,13.9,9.1,2.9,6,320.0,8,0.4,2.4,1029.5,3.8,0.9,2.233,8.0,7.4,1.1,2.843,0.22,1029.5,-4.7,0.4,5.433,0.1,0.07712222222222223,0.021666666666666667,0.06126,0.188,0.36219999999999997,0.005,0.081,0.0,0.0
2024-11-15,3.3,13.1,9.8,4.3,9,240.0,18,0.4,-0.6,1021.2,7.1,4.0,3.0,18.0,8.8,1.4,2.129,0.62,1021.2,-8.3,2.4,4.333,0.225,0.10166666666666666,0.06366666666666668,0.05498,0.332,0.28886666666666666,0.03,0.155,0.0,0.0
2024-11-16,0.8,11.3,4.9,4.6,12,310.0,19,0.3,-0.6,1015.7,6.4,4.1,3.933,19.0,11.2,1.4,1.543,0.62,1015.7,-8.3,3.2,4.833,0.2375,0.12239999999999998,0.06233333333333333,0.04326,0.332,0.3222,0.04,0.166,0.0,0.0
2024-11-17,2.0,11.2,6.4,4.3,10,260.0,18,0.5,-1.7,1012.0,7.1,6.1,4.4,19.0,13.6,0.3,0.943,0.84,1012.0,-5.5,4.8,4.833,0.2375,0.10527777777777778,0.08466666666666667,0.03566,0.22,0.3222,0.06,0.162,0.0,0.0
2024-11-18,7.9,7.7,4.1,6.3,14,110.0,21,0.4,-7.6,1001.8,14.9,10.7,5.067,21.0,16.8,2.0,-0.5,1.94,1001.8,-10.2,12.0,4.933,0.2625,0.16260000000000002,0.15666666666666665,0.0388,0.408,0.32886666666666664,0.15,0.209,0.0,0.0
2024-11-19,2.8,4.5,-3.0,4.8,10,80.0,15,0.2,-2.7,1001.0,17.5,12.7,5.133,21.0,18.2,2.0,-1.243,1.02,1001.0,-10.2,15.0,5.3,0.2625,0.16406666666666667,0.18533333333333332,0.0204,0.408,0.35333333333333333,0.1875,0.215,0.0,0.0
2024-11-20,0.3,2.2,-3.7,4.1,13,90.0,24,0.2,-0.2,1006.2,17.1,11.0,5.067,24.0,19.4,-0.7,-1.571,-0.08,1001.0,-0.8,12.2,5.667,0.3,0.1126,0.16699999999999998,0.0,0.032,0.37779999999999997,0.1525,0.203,0.0,0.0
2024-11-21,5.3,4.4,0.1,6.3,11,70.0,18,0.4,-5.0,1000.6,22.4,8.4,5.067,24.0,19.2,2.2,-2.629,0.88,1000.6,-5.6,16.6,5.9,0.3,0.16760000000000003,0.15866666666666668,0.0176,0.22399999999999998,0.39333333333333337,0.20750000000000002,0.222,0.0,0.0
2024-11-22,4.1,6.3,0.5,5.2,16,110.0,27,0.4,-3.8,999.4,23.2,9.7,5.2,27.0,21.0,2.2,-3.086,0.42,999.4,-5.6,18.8,5.333,0.3375,0.17055555555555557,0.17433333333333334,0.0084,0.22399999999999998,0.35553333333333337,0.23500000000000001,0.242,0.0,0.0
2024-11-23,44.5,14.7,3.3,12.2,19,130.0,33,0.6,-10.0,980.4,66.9,53.9,7.9,33.0,23.4,7.0,-4.429,0.48,980.4,-19.0,55.2,7.167,0.4125,0.35055555555555556,0.7619999999999999,0.0096,0.76,0.4778,0.6900000000000001,0.461,0.0,1874.7
2024-11-24,6.2,10.8,6.7,12.5,19,220.0,32,0.7,-5.6,976.3,71.1,54.8,9.967,33.0,26.8,7.0,-4.986,0.58,976.3,-19.0,58.1,7.1,0.4125,0.3964888888888889,0.7849999999999999,0.0116,0.76,0.47333333333333333,0.7262500000000001,0.477,0.0,2339.7
2024-11-25,0.0,7.8,-0.5,4.9,11,260.0,22,0.5,0.4,992.3,63.2,50.7,9.867,33.0,26.4,0.3,-3.843,-0.12,976.3,-4.1,57.5,7.933,0.4125,0.2267666666666667,0.7176666666666667,0.0,0.16399999999999998,0.5288666666666667,0.71875,0.403,0.0,645.4
2024-11-26,0.0,9.1,-2.5,2.8,5,200.0,8,0.2,0.4,1006.3,60.4,6.2,6.733,32.0,24.4,-2.1,-3.4,-1.08,976.3,14.0,52.4,8.0,0.4,0.1496222222222222,0.2633333333333333,0.0,0.56,0.5333333333333333,0.655,0.299,0.0,0.0
2024-11-27,0.0,0.6,-2.8,2.8,8,80.0,11,0.1,0.5,1013.2,60.1,0.0,3.5,22.0,21.2,0.0,-3.3,-0.86,992.3,6.9,48.6,7.767,0.275,0.07777777777777778,0.20033333333333336,0.0,0.276,0.5178,0.6075,0.203,0.0,0.0
2024-11-28,2.2,13.9,-2.2,9.5,15,150.0,25,0.7,-1.2,1012.9,57.0,2.2,5.033,25.0,19.6,6.7,-2.757,-1.76,1006.3,-0.3,6.2,10.367,0.3125,0.27934444444444445,0.212,0.0,0.012,0.6911333333333334,0.0775,0.261,0.0,0.0
2024-11-29,2.9,14.1,11.8,9.8,18,160.0,30,0.9,-2.2,1006.2,55.8,5.1,7.367,30.0,19.2,6.7,-2.529,-0.68,1006.2,-6.7,2.7,7.267,0.375,0.3312111111111111,0.237,0.0,0.268,0.4844666666666667,0.03375,0.312,0.0,0.1
2024-11-30,1.6,15.6,10.2,8.3,15,180.0,30,0.4,-1.2,1003.7,12.9,6.7,9.2,30.0,20.8,0.3,-1.271,0.32,1003.7,-6.7,4.4,7.933,0.375,0.21194444444444444,0.10999999999999999,0.0064,0.268,0.5288666666666667,0.05500000000000001,0.258,0.0,0.0
2024-12-01,2.1,11.6,6.8,6.8,13,300.0,19,0.3,-1.9,1003.6,8.8,6.6,8.3,30.0,23.0,-1.5,-0.743,0.46,1003.6,-2.5,6.4,4.167,0.375,0.18444444444444447,0.09533333333333334,0.0092,0.1,0.2778,0.08,0.241,0.0,0.0
2024-12-02,0.0,7.9,-1.2,5.2,14,300.0,21,0.2,0.1,1012.6,8.8,3.7,6.767,30.0,25.0,-1.5,-0.786,0.08,1003.6,-0.1,6.3,6.433,0.375,0.15037777777777778,0.06633333333333333,0.0016,0.004,0.4288666666666667,0.07875,0.225,0.0,0.0
2024-12-03,1.2,8.2,-0.7,4.5,8,200.0,13,0.1,-1.0,1016.3,10.0,3.3,5.5,21.0,22.6,-0.7,-0.986,-0.04,1003.6,3.7,5.9,7.6,0.28250000000000003,0.12222222222222222,0.06633333333333333,0.0,0.14800000000000002,0.5066666666666666,0.07375000000000001,0.181,0.0,0.0
2024-12-04,3.0,13.1,0.4,7.5,18,200.0,29,0.5,-2.6,1009.3,13.0,4.2,5.733,29.0,22.4,3.0,-1.429,0.08,1009.3,-7.0,6.4,10.233,0.3625,0.20239999999999997,0.08533333333333334,0.0016,0.28,0.6822,0.08,0.247,0.0,0.0
2024-12-05,4.2,12.5,2.5,8.4,18,220.0,37,0.5,-3.8,1001.7,15.0,8.4,6.8,37.0,23.8,3.0,-1.8,0.52,1001.7,-7.6,8.9,10.533,0.4625,0.2261111111111111,0.134,0.0104,0.304,0.7021999999999999,0.11125,0.309,0.0,0.0
2024-12-06,10.0,12.8,1.9,10.0,38,300.0,53,0.6,-9.6,994.3,22.1,17.2,8.633,53.0,30.6,1.6,-2.857,1.54,994.3,-7.6,16.5,11.2,0.6625,0.23184444444444444,0.2456666666666667,0.0308,0.304,0.7466666666666666,0.20625,0.425,410.0,1029.7
2024-12-07,4.0,8.6,3.6,20.6,36,300.0,55,1.0,-3.2,1007.5,24.5,18.2,13.0,55.0,37.4,10.6,-3.143,0.66,994.3,-7.4,19.7,8.633,0.6875,0.5538888888888889,0.26366666666666666,0.0132,0.29600000000000004,0.5755333333333332,0.24625,0.518,922.5,3792.5
2024-12-08,0.1,8.6,0.2,6.4,14,350.0,22,0.3,0.2,1031.6,22.5,14.1,12.333,55.0,39.2,10.6,-2.843,-0.24,994.3,13.2,18.4,8.1,0.6875,0.5390666666666667,0.216,0.0,0.528,0.5399999999999999,0.22999999999999998,0.511,512.5,3517.3
2024-12-09,0.0,6.2,-1.8,4.5,7,0.0,11,0.0,0.2,1037.3,22.5,4.1,10.5,55.0,35.6,-1.9,-2.829,-0.56,1007.5,5.7,15.9,7.133,0.6875,0.23333333333333334,0.116,0.0,0.228,0.4755333333333333,0.19875,0.404,205.0,660.8
2024-12-25,2.1,11.3,10.1,7.3,11,220.0,17,0.5,-1.7,1022.8,23.4,2.2,6.067,22.0,31.6,2.8,-2.929,-0.42,1022.8,-14.5,13.8,5.867,0.395,0.20482222222222224,0.1,0.0,0.58,0.39113333333333333,0.17250000000000001,0.272,0.0,0.0
2024-12-26,0.0,10.4,8.4,3.9,7,190.0,12,0.4,0.3,1026.0,20.4,2.1,5.233,17.0,23.4,2.8,-2.514,-1.98,1022.8,-14.5,4.0,3.733,0.2925,0.1862888888888889,0.089,0.0,0.58,0.24886666666666668,0.05,0.216,0.0,0.0
2024-12-27,0.2,11.1,8.4,4.2,8,200.0,12,0.4,0.4,1024.6,16.4,2.3,5.133,17.0,14.8,0.3,-1.914,-0.72,1022.8,-1.4,0.8,1.967,0.2125,0.12156666666666666,0.07766666666666666,0.0,0.055999999999999994,0.13113333333333335,0.01,0.145,0.0,0.0
2024-12-28,0.0,10.6,5.9,5.0,8,200.0,13,0.4,0.7,1023.3,6.4,0.2,4.367,13.0,13.0,0.8,-0.443,-0.1,1023.3,-1.4,0.6,3.133,0.1625,0.11704444444444445,0.023333333333333338,0.0,0.055999999999999994,0.20886666666666667,0.0075,0.111,0.0,0.0
2024-12-29,0.3,10.8,8.6,9.4,15,230.0,24,0.9,1.1,1021.9,2.7,0.5,6.2,24.0,15.6,4.4,0.171,-0.18,1021.9,-1.4,0.0,3.2,0.3,0.2477777777777778,0.014000000000000002,0.0034200000000000003,0.055999999999999994,0.21333333333333335,0.0,0.204,0.0,0.0
2024-12-30,0.7,11.0,9.2,12.8,18,230.0,32,0.8,1.0,1014.8,3.3,1.0,9.067,32.0,18.6,4.4,0.286,-0.54,1014.8,-7.1,-1.7,2.9,0.4,0.3114888888888889,0.021,0.005719999999999999,0.284,0.19333333333333333,0.0,0.273,0.0,0.0
2024-12-31,19.8,11.9,6.1,13.0,20,240.0,35,0.8,-10.0,1004.3,23.1,20.8,11.733,35.0,23.2,3.4,-1.171,2.06,1004.3,-10.5,17.7,3.267,0.4375,0.34573333333333334,0.28500000000000003,0.0412,0.42,0.2178,0.22125,0.359,0.0,157.6
2025-01-01,1.6,7.3,-0.1,5.7,14,270.0,22,0.2,-1.4,1003.8,22.6,22.1,10.5,35.0,25.2,0.2,-1.129,0.36,1003.8,-10.5,19.3,5.0,0.4375,0.23833333333333334,0.29633333333333334,0.0072,0.42,0.3333333333333333,0.24125000000000002,0.334,0.0,32.8
2025-01-02,0.1,4.6,-3.9,4.2,9,340.0,15,0.0,-0.1,1017.7,22.7,21.5,7.633,35.0,25.6,-1.5,-1.186,0.16,1003.8,-0.5,19.8,7.233,0.4375,0.16962222222222223,0.29066666666666663,0.0032,0.02,0.48219999999999996,0.2475,0.305,0.0,0.0
2025-01-03,0.0,4.7,-5.1,2.4,4,180.0,7,0.0,0.0,1019.9,22.5,1.7,4.1,22.0,22.2,-1.5,-1.243,0.22,1003.8,2.2,20.4,8.567,0.27749999999999997,0.0911111111111111,0.09200000000000001,0.0044,0.08800000000000001,0.5711333333333334,0.255,0.177,0.0,0.0
2025-01-04,3.9,1.9,-1.3,5.3,10,50.0,15,0.3,-3.7,1003.4,26.4,4.0,3.967,15.0,18.8,2.9,-1.871,0.94,1003.4,-16.5,24.1,7.167,0.23500000000000001,0.16065555555555555,0.128,0.018799999999999997,0.66,0.4778,0.30125,0.2,0.0,0.0
2025-01-05,2.5,2.6,-0.5,8.9,13,0.0,22,0.5,-2.2,986.2,28.6,6.4,5.533,22.0,16.2,3.6,-2.343,-1.56,986.2,-17.2,7.1,5.367,0.275,0.21295555555555556,0.15933333333333333,0.0,0.688,0.3578,0.08875,0.234,0.0,0.0
2025-01-06,5.5,3.3,-1.2,8.4,19,290.0,26,0.4,-5.2,987.0,33.4,11.9,7.533,26.0,17.0,3.6,-3.229,0.76,986.2,-17.2,10.8,3.6,0.325,0.2574,0.23033333333333333,0.0152,0.688,0.24000000000000002,0.135,0.282,0.0,0.0
2025-01-07,1.2,6.0,-3.9,4.5,16,300.0,23,0.2,-1.1,996.6,14.8,9.2,7.267,26.0,18.6,-0.5,-1.957,0.2,986.2,0.8,11.7,5.833,0.325,0.1614888888888889,0.1413333333333333,0.004,0.032,0.3888666666666667,0.14625,0.221,0.0,0.0
2025-01-08,0.0,-0.4,-6.8,2.6,5,50.0,9,0.1,0.1,998.9,13.2,6.7,5.167,26.0,19.0,-1.9,-1.743,-0.02,987.0,2.3,11.6,6.933,0.325,0.11482222222222221,0.11099999999999999,0.0,0.092,0.4622,0.145,0.206,0.0,0.0
2025-01-09,0.0,4.7,-7.6,2.3,8,70.0,12,0.0,0.1,1006.5,13.1,1.2,3.133,23.0,18.4,-0.3,-1.714,-0.76,996.6,2.3,8.0,9.533,0.2875,0.06962222222222222,0.05566666666666667,0.0,0.092,0.6355333333333333,0.1,0.168,0.0,0.0
2025-01-10,1.5,5.1,-3.2,7.7,15,100.0,23,0.4,-1.1,1011.1,14.6,1.5,4.2,23.0,18.6,5.4,-1.871,-0.22,998.9,4.6,7.1,9.0,0.2875,0.22833333333333333,0.06366666666666666,0.0,0.184,0.6,0.08875,0.212,0.0,0.0
2025-01-11,1.7,9.9,-0.7,2.6,6,120.0,9,0.2,-1.6,1020.0,12.4,3.2,4.2,23.0,15.2,5.4,-1.571,-0.72,1006.5,4.6,3.5,10.4,0.2875,0.22833333333333333,0.07333333333333333,0.0,0.184,0.6933333333333334,0.04375,0.214,0.0,0.0
2025-01-12,0.9,11.9,0.5,7.1,13,180.0,23,0.5,-0.5,1024.9,10.8,4.1,5.8,23.0,15.2,4.5,-1.329,-0.12,1011.1,4.9,2.9,10.1,0.2875,0.24138888888888888,0.077,0.0,0.196,0.6733333333333333,0.03625,0.218,0.0,0.0
2025-01-13,3.7,12.3,11.2,8.2,13,190.0,20,0.6,-3.2,1022.9,9.0,6.3,5.967,23.0,17.4,4.5,-1.043,0.66,1020.0,-2.0,6.1,7.7,0.2875,0.24509999999999998,0.093,0.0132,0.08,0.5133333333333333,0.07625,0.218,0.0,0.0
2025-01-14,0.8,12.6,9.1,4.3,8,210.0,13,0.3,-0.5,1025.2,8.6,5.4,6.533,23.0,17.6,1.1,-0.957,0.12,1022.9,-2.0,6.6,5.333,0.2875,0.1726777777777778,0.08266666666666668,0.0024,0.08,0.35553333333333337,0.08249999999999999,0.196,0.0,0.0
2025-01-15,0.2,11.1,4.2,4.9,12,200.0,19,0.1,-0.1,1024.7,8.8,4.7,5.8,20.0,16.8,0.6,-0.986,-0.2,1022.9,-0.5,5.6,3.833,0.25,0.1438888888888889,0.07633333333333334,0.0,0.02,0.25553333333333333,0.06999999999999999,0.168,0.0,0.0
2025-01-16,0.0,10.9,5.7,6.2,12,190.0,22,0.5,0.4,1021.5,8.8,1.0,5.133,22.0,19.4,1.3,-0.943,-0.4,1021.5,-3.2,3.6,5.2,0.275,0.14656666666666668,0.03933333333333334,0.0,0.128,0.3466666666666667,0.045,0.176,0.0,0.0
2025-01-17,0.0,12.0,8.4,8.6,14,180.0,23,0.8,1.1,1021.6,7.3,0.2,6.567,23.0,19.4,2.4,-0.629,-0.32,1021.5,-3.2,2.4,5.233,0.2875,0.20593333333333333,0.026333333333333334,0.0,0.128,0.34886666666666666,0.03,0.194,0.0,0.0
2025-01-18,0.0,12.3,8.4,8.5,13,170.0,25,1.1,2.0,1016.4,5.6,0.0,7.767,25.0,20.4,2.4,-0.114,-1.04,1016.4,-5.2,-1.8,4.233,0.3125,0.2326,0.018666666666666665,0.0,0.20800000000000002,0.28219999999999995,0.0,0.212,0.0,0.0
2025-01-19,0.6,10.3,6.7,5.3,10,150.0,15,0.6,1.9,1010.1,5.3,0.6,7.467,25.0,20.8,-0.1,0.229,-0.48,1010.1,-6.3,-2.3,3.7,0.3125,0.16593333333333332,0.02366666666666667,0.00458,0.252,0.24666666666666667,0.0,0.197,0.0,0.0
2025-01-20,0.2,9.3,4.8,2.7,5,200.0,9,0.3,1.9,1009.4,1.8,0.8,5.5,25.0,18.8,-2.6,0.957,-0.4,1009.4,-6.3,-2.5,4.0,0.3125,0.12222222222222222,0.014000000000000002,0.01914,0.252,0.26666666666666666,0.0,0.185,0.0,0.0
2025-01-21,1.1,8.4,2.3,3.2,8,250.0,13,0.3,0.9,1005.1,2.1,1.9,3.733,15.0,17.0,0.5,1.157,-0.1,1005.1,-4.3,-1.2,4.733,0.2125,0.09545555555555556,0.025999999999999995,0.02314,0.172,0.31553333333333333,0.0,0.134,0.0,0.0
2025-01-22,0.2,8.0,-0.4,2.6,7,200.0,10,0.3,0.9,999.1,2.1,1.5,2.833,13.0,14.4,0.5,1.3,0.04,999.1,-6.0,-0.5,6.333,0.18,0.07545555555555555,0.022,0.0268,0.24,0.4222,0.0,0.117,0.0,0.0
2025-01-23,13.4,9.1,3.5,8.7,20,200.0,34,0.8,-10.0,979.5,15.5,14.7,4.833,34.0,16.2,6.1,-0.186,2.4,979.5,-19.6,13.2,6.7,0.425,0.2599,0.19866666666666666,0.048,0.784,0.44666666666666666,0.16499999999999998,0.328,4800.0,17.4
2025-01-24,7.7,11.7,1.1,19.4,45,230.0,75,1.0,-7.0,973.0,23.2,21.3,10.233,75.0,28.2,10.7,-1.343,1.78,973.0,-19.6,19.9,8.2,0.9375,0.4949,0.29033333333333333,0.0356,0.784,0.5466666666666666,0.24874999999999997,0.637,10800.0,10260.9
2025-01-25,4.2,4.6,-0.8,5.6,14,190.0,27,0.4,-3.9,993.5,27.4,25.3,11.233,75.0,31.8,10.7,-2.186,1.16,973.0,-6.5,23.8,7.2,0.9375,0.5171222222222223,0.3443333333333333,0.0232,0.26,0.48000000000000004,0.2975,0.637,6000.0,10260.9
2025-01-26,2.3,8.4,-1.3,11.4,23,90.0,35,0.6,-1.9,976.2,29.1,14.2,12.133,75.0,36.2,5.8,-2.729,0.56,973.0,-17.3,24.7,8.567,0.9375,0.4146222222222222,0.239,0.011200000000000002,0.6920000000000001,0.5711333333333334,0.30874999999999997,0.603,2400.0,8059.2
